[
{"product_name": ["IKEA 365+"], "price": ["Price Rs. 199"]},
{"product_name": ["HAVSTOBIS"], "price": ["Price Rs. 999"]},
{"product_name": ["KORKEN"], "price": ["Price Rs. 249"]},
{"product_name": ["FLADDRIG"], "price": ["Price Rs. 99"]},
{"product_name": ["IKEA 365+"], "price": ["Price Rs. 299/3 pack", "Normal price Rs. 399/3 pack"]},
{"product_name": ["GULDFISK"], "price": ["Price Rs. 49"]},
{"product_name": ["KORALLVIPPA"], "price": ["Price Rs. 1290"]},
{"product_name": ["VARIERA"], "price": ["Price Rs. 299"]},
{"product_name": ["KLIPPKAKTUS"], "price": ["Price Rs. 899"]},
{"product_name": ["BESTÄMMA"], "price": ["Price Rs. 199"]},
{"product_name": ["KLIPPKAKTUS"], "price": ["Price Rs. 349"]},
{"product_name": ["PRUTA"], "price": ["Price Rs. 449"]},
{"product_name": ["IKEA 365+"], "price": ["Price Rs. 199"]},
{"product_name": ["IKEA 365+"], "price": ["Price Rs. 379"]},
{"product_name": ["BESTÄMMA"], "price": ["Price Rs. 199"]},
{"product_name": ["KORALLVIPPA"], "price": ["Price Rs. 1290"]},
{"product_name": ["HAVSTOBIS"], "price": ["Price Rs. 999"]},
{"product_name": ["IKEA 365+"], "price": ["Price Rs. 599"]},
{"product_name": ["PRUTA"], "price": ["Price Rs. 99/3 pack"]},
{"product_name": ["DRAKFISK"], "price": ["Price Rs. 19"]},
{"product_name": ["IKEA 365+"], "price": ["Price Rs. 199", "Normal price Rs. 249"]},
{"product_name": ["IKEA 365+"], "price": ["Price Rs. 279", "Normal price Rs. 319"]},
{"product_name": ["SPLITTERNY"], "price": ["Price Rs. 99"]},
{"product_name": ["ÖRINGABBORRE"], "price": ["Price Rs. 299"]},
{"product_name": ["IKEA 365+"], "price": ["Price Rs. 449", "Normal price Rs. 519"]},
{"product_name": ["PRUTA"], "price": ["Price Rs. 59/3 pack"]},
{"product_name": ["IKEA 365+"], "price": ["Price Rs. 209"]},
{"product_name": ["BEVARA"], "price": ["Price Rs. 99"]},
{"product_name": ["UTBJUDA"], "price": ["Price Rs. 199"]},
{"product_name": ["IKEA 365+"], "price": ["Price Rs. 248", "Normal price Rs. 399"]},
{"product_name": ["SMASKA"], "price": ["Price Rs. 119", "Normal price Rs. 149"]},
{"product_name": ["IKEA 365+"], "price": ["Price Rs. 599", "Normal price Rs. 669"]},
{"product_name": ["BEVARA"], "price": ["Price Rs. 49/6 pack"]},
{"product_name": ["IKEA 365+"], "price": ["Price Rs. 249", "Normal price Rs. 299"]},
{"product_name": ["IKEA 365+"], "price": ["Price Rs. 649"]},
{"product_name": ["KLIPPKAKTUS"], "price": ["Price Rs. 649"]}
]